{"cameraMode":{"drawMode":0,"name":"Shaded","section":"Shading Mode"},"sceneLighting":true,"audioPlay":false,"sceneViewState":{"m_AlwaysRefresh":false,"showFog":true,"showSkybox":true,"showFlares":true,"showImageEffects":true,"showParticleSystems":true,"showVisualEffectGraphs":true,"m_FxEnabled":true},"in2DMode":false,"pivot":{"x":3.990736246109009,"y":20.989131927490236,"z":-22.157960891723634},"rotation":{"x":0.32181939482688906,"y":-0.07799655199050904,"z":0.02661140076816082,"w":0.9432111978530884},"size":18.33269500732422,"orthographic":false}